{"cameraMode":{"drawMode":0,"name":"Shaded","section":"Shading Mode"},"sceneLighting":false,"audioPlay":false,"sceneViewState":{"showFog":true,"showMaterialUpdate":false,"showSkybox":true,"showFlares":true,"showImageEffects":true,"showParticleSystems":true},"in2DMode":false,"pivot":{"x":-0.01145431399345398,"y":0.7839059233665466,"z":0.0},"rotation":{"x":-0.4546344578266144,"y":0.051250070333480838,"z":-0.026214933022856714,"w":-0.8888159394264221},"size":3.509369373321533,"orthographic":false}