{"cameraMode":{"drawMode":0,"name":"Shaded","section":"Shading Mode"},"sceneLighting":true,"audioPlay":false,"sceneViewState":{"showFog":true,"showMaterialUpdate":false,"showSkybox":true,"showFlares":true,"showImageEffects":true,"showParticleSystems":true},"in2DMode":false,"pivot":{"x":4.402712821960449,"y":-13.3642578125,"z":3.72821044921875},"rotation":{"x":0.6866357326507568,"y":-0.007632040418684483,"z":0.0072106909938156609,"w":0.726934015750885},"size":7.188347816467285,"orthographic":true}