{"cameraMode":{"drawMode":0,"name":"Shaded","section":"Shading Mode"},"sceneLighting":false,"audioPlay":false,"sceneViewState":{"showFog":true,"showMaterialUpdate":false,"showSkybox":false,"showFlares":true,"showImageEffects":true,"showParticleSystems":true},"in2DMode":false,"pivot":{"x":1.7593119144439698,"y":10.802788734436036,"z":-5.711028575897217},"rotation":{"x":0.6866357326507568,"y":-0.007632040418684483,"z":0.0072106909938156609,"w":0.726934015750885},"size":2.3334522247314455,"orthographic":true}