{"cameraMode":{"drawMode":0,"name":"Shaded","section":"Shading Mode"},"sceneLighting":true,"audioPlay":false,"sceneViewState":{"showFog":true,"showMaterialUpdate":false,"showSkybox":true,"showFlares":true,"showImageEffects":true,"showParticleSystems":true},"in2DMode":false,"pivot":{"x":1.7593119144439698,"y":10.802788734436036,"z":-5.711028575897217},"rotation":{"x":0.4786182641983032,"y":-0.08874844014644623,"z":0.04870235547423363,"w":0.8721675872802734},"size":3.128817558288574,"orthographic":true}