{"cameraMode":{"drawMode":0,"name":"Shaded","section":"Shading Mode"},"sceneLighting":false,"audioPlay":false,"sceneViewState":{"showFog":true,"showMaterialUpdate":false,"showSkybox":true,"showFlares":true,"showImageEffects":true,"showParticleSystems":true},"in2DMode":false,"pivot":{"x":-0.009999901056289673,"y":0.6028220057487488,"z":0.011455327272415161},"rotation":{"x":-0.01407522801309824,"y":-0.8419387936592102,"z":0.5389411449432373,"w":-0.02198880724608898},"size":21.93770408630371,"orthographic":true}