{"cameraMode":{"drawMode":0,"name":"Shaded","section":"Shading Mode"},"sceneLighting":false,"audioPlay":false,"sceneViewState":{"showFog":true,"showMaterialUpdate":false,"showSkybox":true,"showFlares":true,"showImageEffects":true,"showParticleSystems":true},"in2DMode":false,"pivot":{"x":-1.4901161193847657e-7,"y":1.2534492015838624,"z":-0.014286458492279053},"rotation":{"x":-0.22634705901145936,"y":0.19995220005512238,"z":-0.04753456637263298,"w":-0.9521169662475586},"size":5.074259281158447,"orthographic":true}