{"cameraMode":{"drawMode":0,"name":"Shaded","section":"Shading Mode"},"sceneLighting":false,"audioPlay":false,"sceneViewState":{"showFog":true,"showMaterialUpdate":false,"showSkybox":true,"showFlares":true,"showImageEffects":true,"showParticleSystems":true},"in2DMode":false,"pivot":{"x":2.384185791015625e-7,"y":1.0735223293304444,"z":0.014286428689956665},"rotation":{"x":-0.01407522801309824,"y":-0.8419387936592102,"z":0.5389411449432373,"w":-0.02198880724608898},"size":4.544081687927246,"orthographic":true}