{"cameraMode":{"drawMode":0,"name":"Shaded","section":"Shading Mode"},"sceneLighting":false,"audioPlay":false,"sceneViewState":{"showFog":true,"showMaterialUpdate":false,"showSkybox":true,"showFlares":true,"showImageEffects":true,"showParticleSystems":true},"in2DMode":false,"pivot":{"x":0.01145431399345398,"y":0.7839059233665466,"z":0.0},"rotation":{"x":-0.01407522801309824,"y":-0.8419387936592102,"z":0.5389411449432373,"w":-0.02198880724608898},"size":3.509369373321533,"orthographic":true}