{"cameraMode":{"drawMode":0,"name":"Shaded","section":"Shading Mode"},"sceneLighting":false,"audioPlay":false,"sceneViewState":{"showFog":true,"showMaterialUpdate":false,"showSkybox":true,"showFlares":true,"showImageEffects":true,"showParticleSystems":true},"in2DMode":false,"pivot":{"x":1.1920928955078126e-7,"y":0.8960927724838257,"z":0.01244470477104187},"rotation":{"x":-0.01407522801309824,"y":-0.8419387936592102,"z":0.5389411449432373,"w":-0.02198880724608898},"size":3.896667718887329,"orthographic":true}