{"cameraMode":{"drawMode":0,"name":"Shaded","section":"Shading Mode"},"sceneLighting":false,"audioPlay":false,"sceneViewState":{"showFog":true,"showMaterialUpdate":false,"showSkybox":true,"showFlares":true,"showImageEffects":true,"showParticleSystems":true},"in2DMode":false,"pivot":{"x":-8.940696716308594e-8,"y":0.6028220057487488,"z":-0.011454671621322632},"rotation":{"x":-0.01407522801309824,"y":-0.8419387936592102,"z":0.5389411449432373,"w":-0.02198880724608898},"size":11.403182029724121,"orthographic":true}