{"cameraMode":{"drawMode":0,"name":"Shaded","section":"Shading Mode"},"sceneLighting":true,"audioPlay":false,"sceneViewState":{"showFog":true,"showMaterialUpdate":false,"showSkybox":true,"showFlares":true,"showImageEffects":true,"showParticleSystems":true},"in2DMode":false,"pivot":{"x":5.631536960601807,"y":7.577188968658447,"z":5.15840482711792},"rotation":{"x":-0.014075228944420815,"y":-0.841938853263855,"z":0.5389411449432373,"w":-0.02198880724608898},"size":11.964752197265625,"orthographic":true}